{"cameraMode":{"drawMode":0,"name":"Shaded","section":"Shading Mode"},"sceneLighting":false,"audioPlay":false,"sceneViewState":{"showFog":true,"showMaterialUpdate":true,"showSkybox":false,"showFlares":true,"showImageEffects":true,"showParticleSystems":true},"in2DMode":false,"pivot":{"x":0.5559023022651672,"y":-0.03839277848601341,"z":-0.16709759831428529},"rotation":{"x":0.03824488818645477,"y":0.8990291357040405,"z":-0.08002801239490509,"w":0.4289296865463257},"size":0.577332079410553,"orthographic":false}