{"cameraMode":{"drawMode":0,"name":"Shaded","section":"Shading Mode"},"sceneLighting":true,"audioPlay":false,"sceneViewState":{"showFog":true,"showMaterialUpdate":true,"showSkybox":true,"showFlares":true,"showImageEffects":true,"showParticleSystems":true},"in2DMode":false,"pivot":{"x":-0.9286711812019348,"y":0.73057621717453,"z":1.0503860712051392},"rotation":{"x":0.1619243174791336,"y":-0.2523801326751709,"z":0.04296622797846794,"w":0.9530889391899109},"size":1.3071067333221436,"orthographic":false}